Workbook

Sheet Orders
A1: TechMart Global — Sales Orders (Practice Data)
A2: Columns A–E are raw order data. Columns F–K are your workspace — complete the lookup tasks on the Instructions tab, then build a PivotTable and PivotChart from this table.
A4: Order ID | B4: Order Date | C4: Rep ID | D4: Product Code | E4: Quantity | F4: Rep Name | G4: Region | H4: Product Name | I4: Category | J4: Unit Price | K4: Line Total
A5: SO-2001 | B5: 45374 | C5: E03 | D5: P202 | E5: 11 | F5: =_xlfn.IFNA(_xlfn.XLOOKUP(C5,'Employee Lookup'!$A$4:$A$11,'Employee Lookup'!$B$4:$B$11), "Rep Not Found") -> Han Sooyoung | G5: =_xlfn.IFNA(_xlfn.XLOOKUP(Orders!C5,'Employee Lookup'!$A$4:$A$11,'Employee Lookup'!$C$4:$C$11), "Region Not Found") -> East | H5: =IFERROR(INDEX('Product Lookup'!$B$4:$B$15,MATCH(D5,'Product Lookup'!$A$4:$A$15,0)),"Product Not Found") -> Monitor Arm | I5: =IFERROR(VLOOKUP(Orders!D5,'Product Lookup'!$A$4:$D$15,3), "Category Not Found") -> Furniture | J5: =VLOOKUP(Orders!D5,'Product Lookup'!$A$4:$D$15,4) -> 58.75 | K5: =IF(ISNUMBER(J5), E5*J5, 0) -> 646.25
A6: SO-2002 | B6: 45304 | C6: E02 | D6: P301 | E6: 2 | F6: =_xlfn.IFNA(_xlfn.XLOOKUP(C6,'Employee Lookup'!$A$4:$A$11,'Employee Lookup'!$B$4:$B$11), "Rep Not Found") -> Fatima Bello | G6: =_xlfn.IFNA(_xlfn.XLOOKUP(Orders!C6,'Employee Lookup'!$A$4:$A$11,'Employee Lookup'!$C$4:$C$11), "Region Not Found") -> South | H6: =IFERROR(INDEX('Product Lookup'!$B$4:$B$15,MATCH(D6,'Product Lookup'!$A$4:$A$15,0)),"Product Not Found") -> Fountain Pen Set | I6: =IFERROR(VLOOKUP(Orders!D6,'Product Lookup'!$A$4:$D$15,3), "Category Not Found") -> Stationery | J6: =VLOOKUP(Orders!D6,'Product Lookup'!$A$4:$D$15,4) -> 18.5 | K6: =IF(ISNUMBER(J6), E6*J6, 0) -> 37
A7: SO-2003 | B7: 45385 | C7: E01 | D7: P301 | E7: 4 | F7: =_xlfn.IFNA(_xlfn.XLOOKUP(C7,'Employee Lookup'!$A$4:$A$11,'Employee Lookup'!$B$4:$B$11), "Rep Not Found") -> Marcus Lee | G7: =_xlfn.IFNA(_xlfn.XLOOKUP(Orders!C7,'Employee Lookup'!$A$4:$A$11,'Employee Lookup'!$C$4:$C$11), "Region Not Found") -> North | H7: =IFERROR(INDEX('Product Lookup'!$B$4:$B$15,MATCH(D7,'Product Lookup'!$A$4:$A$15,0)),"Product Not Found") -> Fountain Pen Set | I7: =IFERROR(VLOOKUP(Orders!D7,'Product Lookup'!$A$4:$D$15,3), "Category Not Found") -> Stationery | J7: =VLOOKUP(Orders!D7,'Product Lookup'!$A$4:$D$15,4) -> 18.5 | K7: =IF(ISNUMBER(J7), E7*J7, 0) -> 74
A8: SO-2004 | B8: 45301 | C8: E02 | D8: P202 | E8: 7 | F8: =_xlfn.IFNA(_xlfn.XLOOKUP(C8,'Employee Lookup'!$A$4:$A$11,'Employee Lookup'!$B$4:$B$11), "Rep Not Found") -> Fatima Bello | G8: =_xlfn.IFNA(_xlfn.XLOOKUP(Orders!C8,'Employee Lookup'!$A$4:$A$11,'Employee Lookup'!$C$4:$C$11), "Region Not Found") -> South | H8: =IFERROR(INDEX('Product Lookup'!$B$4:$B$15,MATCH(D8,'Product Lookup'!$A$4:$A$15,0)),"Product Not Found") -> Monitor Arm | I8: =IFERROR(VLOOKUP(Orders!D8,'Product Lookup'!$A$4:$D$15,3), "Category Not Found") -> Furniture | J8: =VLOOKUP(Orders!D8,'Product Lookup'!$A$4:$D$15,4) -> 58.75 | K8: =IF(ISNUMBER(J8), E8*J8, 0) -> 411.25
A9: SO-2005 | B9: 45309 | C9: E04 | D9: P101 | E9: 9 | F9: =_xlfn.IFNA(_xlfn.XLOOKUP(C9,'Employee Lookup'!$A$4:$A$11,'Employee Lookup'!$B$4:$B$11), "Rep Not Found") -> Isabella Cruz | G9: =_xlfn.IFNA(_xlfn.XLOOKUP(Orders!C9,'Employee Lookup'!$A$4:$A$11,'Employee Lookup'!$C$4:$C$11), "Region Not Found") -> West | H9: =IFERROR(INDEX('Product Lookup'!$B$4:$B$15,MATCH(D9,'Product Lookup'!$A$4:$A$15,0)),"Product Not Found") -> Mechanical Keyboard | I9: =IFERROR(VLOOKUP(Orders!D9,'Product Lookup'!$A$4:$D$15,3), "Category Not Found") -> Electronics | J9: =VLOOKUP(Orders!D9,'Product Lookup'!$A$4:$D$15,4) -> 74.5 | K9: =IF(ISNUMBER(J9), E9*J9, 0) -> 670.5
A10: SO-2006 | B10: 45400 | C10: E01 | D10: P302 | E10: 2 | F10: =_xlfn.IFNA(_xlfn.XLOOKUP(C10,'Employee Lookup'!$A$4:$A$11,'Employee Lookup'!$B$4:$B$11), "Rep Not Found") -> Marcus Lee | G10: =_xlfn.IFNA(_xlfn.XLOOKUP(Orders!C10,'Employee Lookup'!$A$4:$A$11,'Employee Lookup'!$C$4:$C$11), "Region Not Found") -> North | H10: =IFERROR(INDEX('Product Lookup'!$B$4:$B$15,MATCH(D10,'Product Lookup'!$A$4:$A$15,0)),"Product Not Found") -> Desk Planner | I10: =IFERROR(VLOOKUP(Orders!D10,'Product Lookup'!$A$4:$D$15,3), "Category Not Found") -> Stationery | J10: =VLOOKUP(Orders!D10,'Product Lookup'!$A$4:$D$15,4) -> 14 | K10: =IF(ISNUMBER(J10), E10*J10, 0) -> 28
A11: SO-2007 | B11: 45349 | C11: E01 | D11: P302 | E11: 10 | F11: =_xlfn.IFNA(_xlfn.XLOOKUP(C11,'Employee Lookup'!$A$4:$A$11,'Employee Lookup'!$B$4:$B$11), "Rep Not Found") -> Marcus Lee | G11: =_xlfn.IFNA(_xlfn.XLOOKUP(Orders!C11,'Employee Lookup'!$A$4:$A$11,'Employee Lookup'!$C$4:$C$11), "Region Not Found") -> North | H11: =IFERROR(INDEX('Product Lookup'!$B$4:$B$15,MATCH(D11,'Product Lookup'!$A$4:$A$15,0)),"Product Not Found") -> Desk Planner | I11: =IFERROR(VLOOKUP(Orders!D11,'Product Lookup'!$A$4:$D$15,3), "Category Not Found") -> Stationery | J11: =VLOOKUP(Orders!D11,'Product Lookup'!$A$4:$D$15,4) -> 14 | K11: =IF(ISNUMBER(J11), E11*J11, 0) -> 140
A12: SO-2008 | B12: 45393 | C12: E01 | D12: P103 | E12: 1 | F12: =_xlfn.IFNA(_xlfn.XLOOKUP(C12,'Employee Lookup'!$A$4:$A$11,'Employee Lookup'!$B$4:$B$11), "Rep Not Found") -> Marcus Lee | G12: =_xlfn.IFNA(_xlfn.XLOOKUP(Orders!C12,'Employee Lookup'!$A$4:$A$11,'Employee Lookup'!$C$4:$C$11), "Region Not Found") -> North | H12: =IFERROR(INDEX('Product Lookup'!$B$4:$B$15,MATCH(D12,'Product Lookup'!$A$4:$A$15,0)),"Product Not Found") -> Noise-Cancelling Headphones | I12: =IFERROR(VLOOKUP(Orders!D12,'Product Lookup'!$A$4:$D$15,3), "Category Not Found") -> Electronics | J12: =VLOOKUP(Orders!D12,'Product Lookup'!$A$4:$D$15,4) -> 129.99 | K12: =IF(ISNUMBER(J12), E12*J12, 0) -> 129.99
A13: SO-2009 | B13: 45434 | C13: E03 | D13: P200 | E13: 7 | F13: =_xlfn.IFNA(_xlfn.XLOOKUP(C13,'Employee Lookup'!$A$4:$A$11,'Employee Lookup'!$B$4:$B$11), "Rep Not Found") -> Han Sooyoung | G13: =_xlfn.IFNA(_xlfn.XLOOKUP(Orders!C13,'Employee Lookup'!$A$4:$A$11,'Employee Lookup'!$C$4:$C$11), "Region Not Found") -> East | H13: =IFERROR(INDEX('Product Lookup'!$B$4:$B$15,MATCH(D13,'Product Lookup'!$A$4:$A$15,0)),"Product Not Found") -> Standing Desk | I13: =IFERROR(VLOOKUP(Orders!D13,'Product Lookup'!$A$4:$D$15,3), "Category Not Found") -> Furniture | J13: =VLOOKUP(Orders!D13,'Product Lookup'!$A$4:$D$15,4) -> 349 | K13: =IF(ISNUMBER(J13), E13*J13, 0) -> 2443
A14: SO-2010 | B14: 45328 | C14: E99 | D14: P302 | E14: 5 | F14: =_xlfn.IFNA(_xlfn.XLOOKUP(C14,'Employee Lookup'!$A$4:$A$11,'Employee Lookup'!$B$4:$B$11), "Rep Not Found") -> Rep Not Found | G14: =_xlfn.IFNA(_xlfn.XLOOKUP(Orders!C14,'Employee Lookup'!$A$4:$A$11,'Employee Lookup'!$C$4:$C$11), "Region Not Found") -> Region Not Found | H14: =IFERROR(INDEX('Product Lookup'!$B$4:$B$15,MATCH(D14,'Product Lookup'!$A$4:$A$15,0)),"Product Not Found") -> Desk Planner | I14: =IFERROR(VLOOKUP(Orders!D14,'Product Lookup'!$A$4:$D$15,3), "Category Not Found") -> Stationery | J14: =VLOOKUP(Orders!D14,'Product Lookup'!$A$4:$D$15,4) -> 14 | K14: =IF(ISNUMBER(J14), E14*J14, 0) -> 70
A15: SO-2011 | B15: 45435 | C15: E03 | D15: P101 | E15: 10 | F15: =_xlfn.IFNA(_xlfn.XLOOKUP(C15,'Employee Lookup'!$A$4:$A$11,'Employee Lookup'!$B$4:$B$11), "Rep Not Found") -> Han Sooyoung | G15: =_xlfn.IFNA(_xlfn.XLOOKUP(Orders!C15,'Employee Lookup'!$A$4:$A$11,'Employee Lookup'!$C$4:$C$11), "Region Not Found") -> East | H15: =IFERROR(INDEX('Product Lookup'!$B$4:$B$15,MATCH(D15,'Product Lookup'!$A$4:$A$15,0)),"Product Not Found") -> Mechanical Keyboard | I15: =IFERROR(VLOOKUP(Orders!D15,'Product Lookup'!$A$4:$D$15,3), "Category Not Found") -> Electronics | J15: =VLOOKUP(Orders!D15,'Product Lookup'!$A$4:$D$15,4) -> 74.5 | K15: =IF(ISNUMBER(J15), E15*J15, 0) -> 745
A16: SO-2012 | B16: 45438 | C16: E04 | D16: P201 | E16: 2 | F16: =_xlfn.IFNA(_xlfn.XLOOKUP(C16,'Employee Lookup'!$A$4:$A$11,'Employee Lookup'!$B$4:$B$11), "Rep Not Found") -> Isabella Cruz | G16: =_xlfn.IFNA(_xlfn.XLOOKUP(Orders!C16,'Employee Lookup'!$A$4:$A$11,'Employee Lookup'!$C$4:$C$11), "Region Not Found") -> West | H16: =IFERROR(INDEX('Product Lookup'!$B$4:$B$15,MATCH(D16,'Product Lookup'!$A$4:$A$15,0)),"Product Not Found") -> Ergonomic Chair | I16: =IFERROR(VLOOKUP(Orders!D16,'Product Lookup'!$A$4:$D$15,3), "Category Not Found") -> Furniture | J16: =VLOOKUP(Orders!D16,'Product Lookup'!$A$4:$D$15,4) -> 219 | K16: =IF(ISNUMBER(J16), E16*J16, 0) -> 438
... A59: SO-2055 | B59: 45416 | C59: E08 | D59: P300 | E59: 8 | F59: =_xlfn.IFNA(_xlfn.XLOOKUP(C59,'Employee Lookup'!$A$4:$A$11,'Employee Lookup'!$B$4:$B$11), "Rep Not Found") -> Aiko Yamamoto | G59: =_xlfn.IFNA(_xlfn.XLOOKUP(Orders!C59,'Employee Lookup'!$A$4:$A$11,'Employee Lookup'!$C$4:$C$11), "Region Not Found") -> West | H59: =IFERROR(INDEX('Product Lookup'!$B$4:$B$15,MATCH(D59,'Product Lookup'!$A$4:$A$15,0)),"Product Not Found") -> Sticky Note Pack | I59: =IFERROR(VLOOKUP(Orders!D59,'Product Lookup'!$A$4:$D$15,3), "Category Not Found") -> Stationery | J59: =VLOOKUP(Orders!D59,'Product Lookup'!$A$4:$D$15,4) -> 6.25 | K59: =IF(ISNUMBER(J59), E59*J59, 0) -> 50

Sheet Revenue Pivot
A1: Row Labels | B1: Sum of Line Total | C1: Sum of Quantity
A2: East | B2: 12334.97 | C2: 127
A3: Electronics | B3: 2226.97 | C3: 41
A4: Furniture | B4: 6603.75 | C4: 56
A5: Software | B5: 3383 | C5: 17
A6: Stationery | B6: 121.25 | C6: 13
A7: North | B7: 6944.09 | C7: 81
A8: Electronics | B8: 3197.34 | C8: 31
A9: Software | B9: 3383 | C9: 17
A10: Stationery | B10: 363.75 | C10: 33
A11: Region Not Found | B11: 1815 | C11: 10
A12: Furniture | B12: 1745 | C12: 5
A13: Stationery | B13: 70 | C13: 5
... A23: Grand Total | B23: 35668.28 | C23: 408

Sheet Revenue Chart

Sheet Employee Lookup
A1: Employee Lookup Table
A3: Rep ID | B3: Rep Name | C3: Region
A4: E01 | B4: Marcus Lee | C4: North
A5: E02 | B5: Fatima Bello | C5: South
A6: E03 | B6: Han Sooyoung | C6: East
A7: E04 | B7: Isabella Cruz | C7: West
A8: E05 | B8: David Osei | C8: North
A9: E06 | B9: Priya Nair | C9: South
A10: E07 | B10: Tom Fitzgerald | C10: East
A11: E08 | B11: Aiko Yamamoto | C11: West

Sheet Product Lookup
A1: Product Lookup Table
A3: Product Code | B3: Product Name | C3: Category | D3: Unit Price
A4: P100 | B4: Wireless Mouse | C4: Electronics | D4: 24.99
A5: P101 | B5: Mechanical Keyboard | C5: Electronics | D5: 74.5
A6: P102 | B6: USB-C Hub | C6: Electronics | D6: 39
A7: P103 | B7: Noise-Cancelling Headphones | C7: Electronics | D7: 129.99
A8: P200 | B8: Standing Desk | C8: Furniture | D8: 349
A9: P201 | B9: Ergonomic Chair | C9: Furniture | D9: 219
A10: P202 | B10: Monitor Arm | C10: Furniture | D10: 58.75
A11: P300 | B11: Sticky Note Pack | C11: Stationery | D11: 6.25
A12: P301 | B12: Fountain Pen Set | C12: Stationery | D12: 18.5
A13: P302 | B13: Desk Planner | C13: Stationery | D13: 14
A14: P400 | B14: Project Tracker License | C14: Software | D14: 89
A15: P401 | B15: Design Suite License | C15: Software | D15: 199

Sheet Instructions
A1: Assignment: Lookups, PivotTables & PivotCharts
A2: Work through the parts in order. Part 1 happens on the 'Orders' tab. Parts 2–3 are built directly in Excel using the Insert menu — there's nothing to type into a cell for those.
A4: Part 1 — Lookups (Orders tab, columns F–K)
A5: 1 | B5: In column F (Rep Name), look up the Rep ID (column C) in the Employee Lookup table and return the matching name. If the Rep ID doesn't exist, show 'Rep Not Found' instead of an error.
B6: USE XLOOKUP
A8: 2 | B8: In column G (Region), do the same lookup but return the Region column instead.
A10: 3 | B10: In column H (Product Name), look up the Product Code (column D) in the Product Lookup table using INDEX/MATCH and return the Product Name. Show 'Product Not Found' on no match (Use IFERROR()).
A13: 4 | B13: In column I (Category), use VLOOKUP to pull the Category (Exact Match). Use IFERROR() if necessary
A15: 5 | B15: In column J (Unit Price), use VLOOKUP the same way to pull the Unit Price.
A17: 6 | B17: In column K (Line Total), calculate Quantity × Unit Price. If Unit Price is text (a 'Not Found' message), this should not error, let it show as 0 instead.
B18: Hint: =IF(ISNUMBER(J5),E5*J5, 0)
A20: Part 2 — PivotTable
A21: 7 | B21: From the Orders table insert a PivotTable on a new worksheet.
B22: Hint: Insert > PivotTable
A24: 8 | B24: Drag Region and category into Rows.
A26: 9 | B26: Drag Line Total into Values (it should default to Sum of Line Total). Format the values as currency.
A28: 10 | B28: Add Quantity into Values as a second field (Sum of Quantity), so the Pivot shows both revenue and units sold per Region/Category combination.
A31: 11 | B31: Rename the PivotTable sheet to 'Revenue Pivot'.
A33: Part 3 — PivotChart
A34: 12 | B34: Create a chart that shows both Revenue and Quantity sold by Region and Category
B35: Hint: PivotTable Analyze/Options tab > PivotChart. USE COMBO CHART AND MAKE SUM OF QUANTITY A LINE CHART IN THE SECONDARY AXIS (check the box)
A38: 13 | B38: Add a chart title ('Revenue by Region and Category').
A40: 14 | B40: Move the chart to its own sheet named 'Revenue Chart'.
A42: 15 | B42: In a text box or cell note on the chart sheet, write one sentence identifying the strongest region and the strongest product category by revenue and quantity sold.
